time,lat,lon,elevation,accuracy,bearing,speed,satellites,provider,hdop,vdop,pdop,geoidheight,ageofdgpsdata,dgpsid,activity,battery,annotation
2018-06-08T02:11:21.746Z,35.139254,-106.599788,1567,10.6189995,234,17.02,0,gps,1.3,0.8,1.5,-19,,,,41,
2018-06-08T02:11:24.000Z,35.138998,-106.600183,1559,4.5509996,233.1,18.8,8,gps,0.7,0.7,1,-19,,,,41,
2018-06-08T02:11:26.000Z,35.138786,-106.600535,1554,4.5509996,233.4,19.63,16,gps,0.7,0.7,1,-19,,,,41,
2018-06-08T02:11:28.000Z,35.138562,-106.600898,1552,4.5509996,233.5,20.73,15,gps,0.7,0.7,1,-19,,,,41,
2018-06-08T02:11:30.000Z,35.138336,-106.60127,1551,4.5509996,233.4,21.1,15,gps,0.7,0.7,1,-19,,,,41,
2018-06-08T02:11:32.000Z,35.138131,-106.60163,1552,4.5509996,233.5,20.69,15,gps,0.7,0.7,1,-19,,,,41,
2018-06-08T02:11:34.000Z,35.137912,-106.601991,1553,4.5509996,233.2,20.37,16,gps,0.7,0.7,1,-19,,,,41,
2018-06-08T02:11:36.000Z,35.13769,-106.602349,1553,4.5509996,233,20.47,16,gps,0.7,0.7,1,-19,,,,41,
2018-06-08T02:11:38.000Z,35.137458,-106.602706,1552,4.5509996,233.3,20.63,16,gps,0.7,0.7,1,-19,,,,41,
2018-06-08T02:11:40.000Z,35.13723,-106.603079,1552,4.5509996,233.4,20.97,16,gps,,,,-19,,,,41,
2018-06-08T02:11:42.000Z,35.137002,-106.603444,1552,4.5509996,233.2,21.13,15,gps,0.6,0.7,1,-19,,,,41,
2018-06-08T02:11:43.000Z,35.136889,-106.60363,1552,4.5509996,233,21.27,17,gps,0.6,0.7,0.9,-19,,,,41,
2018-06-08T02:11:45.000Z,35.136651,-106.604009,1551,4.5509996,232.7,21.57,16,gps,0.7,0.7,1,-19,,,,41,
2018-06-08T02:11:47.000Z,35.136419,-106.604389,1550,4.5509996,233,21.55,17,gps,0.6,0.7,0.9,-19,,,,41,
2018-06-08T02:11:49.000Z,35.136194,-106.60476,1551,4.5509996,233,21.08,17,gps,0.7,,,-19,,,,41,
2018-06-08T02:11:51.000Z,35.135969,-106.605118,1551,4.5509996,232.7,20.57,17,gps,0.6,0.7,0.9,-19,,,,41,
2018-06-08T02:11:53.000Z,35.135753,-106.605491,1550,4.5509996,233.7,20.8,17,gps,,,,-19,,,,41,
2018-06-08T02:11:55.000Z,35.13552,-106.605864,1549,4.5509996,233.7,21.17,13,gps,0.6,0.7,1,-19,,,,41,
2018-06-08T02:11:57.000Z,35.135295,-106.606241,1549,4.5509996,233.4,21.45,17,gps,0.6,,,-19,,,,41,
2018-06-08T02:11:59.000Z,35.135067,-106.606614,1548,4.5509996,234,21.36,17,gps,0.6,,,-19,,,,41,
2018-06-08T02:12:00.000Z,35.134955,-106.606805,1548,4.5509996,234.9,21.44,17,gps,0.6,0.7,0.9,-19,,,,41,
2018-06-08T02:12:02.000Z,35.134756,-106.607218,1548,4.5509996,241.1,21.46,16,gps,0.7,0.8,1,-19,,,,41,
2018-06-08T02:12:04.000Z,35.134607,-106.607645,1548,4.5509996,249.4,21.25,16,gps,,,,-19,,,,41,
2018-06-08T02:12:06.000Z,35.134525,-106.608092,1547,4.5509996,258.9,20.85,17,gps,0.6,0.7,0.9,-19,,,,41,
2018-06-08T02:12:08.000Z,35.134479,-106.608537,1547,4.5509996,263.2,20.32,17,gps,0.6,0.7,0.9,-19,,,,41,
2018-06-08T02:12:10.000Z,35.134439,-106.608967,1548,4.5509996,263.1,19.68,17,gps,0.6,0.7,0.9,-19,,,,41,
2018-06-08T02:12:12.000Z,35.134391,-106.609383,1548,4.5509996,260.1,18.85,17,gps,,,,-19,,,,41,
2018-06-08T02:12:14.000Z,35.134285,-106.609766,1549,4.5509996,250.2,18.32,16,gps,,,,-19,,,,41,
2018-06-08T02:12:16.000Z,35.134145,-106.61012,1549,4.5509996,242.3,17.64,17,gps,0.6,0.7,0.9,-19,,,,41,
2018-06-08T02:12:18.000Z,35.133982,-106.610439,1551,4.5509996,236,16.78,17,gps,0.6,0.7,0.9,-19,,,,41,
2018-06-08T02:12:20.000Z,35.133811,-106.61068,1551,4.5509996,229.2,13.48,16,gps,0.6,0.7,0.9,-19,,,,41,
2018-06-08T02:12:22.000Z,35.133653,-106.610869,1552,4.5509996,222.5,12.26,16,gps,0.7,0.7,1,-19,,,,41,
2018-06-08T02:12:24.000Z,35.133485,-106.611016,1552,4.5509996,216.2,11.31,16,gps,0.7,0.7,1,-19,,,,41,
2018-06-08T02:12:26.000Z,35.133317,-106.611165,1551,4.5509996,215,12.06,17,gps,0.6,,,-19,,,,41,
2018-06-08T02:12:28.000Z,35.133084,-106.611319,1551,4.5509996,207.7,14.9,17,gps,0.6,0.7,0.9,-19,,,,41,
2018-06-08T02:12:30.000Z,35.132825,-106.611473,1550,4.5509996,206.3,16.94,17,gps,0.6,0.7,0.9,-19,,,,41,
2018-06-08T02:12:32.000Z,35.132529,-106.611645,1549,4.5509996,205.2,18.17,16,gps,0.6,0.7,1,-19,,,,41,
2018-06-08T02:12:34.000Z,35.132201,-106.611826,1549,4.5509996,204.4,19.95,16,gps,0.6,0.7,0.9,-19,,,,41,
2018-06-08T02:12:35.000Z,35.132037,-106.611932,1548,4.5509996,206.9,20.72,17,gps,0.6,0.7,0.9,-19,,,,41,
2018-06-08T02:12:37.000Z,35.131701,-106.612186,1548,4.5509996,213.9,22.3,16,gps,0.7,0.7,1,-19,,,,41,
2018-06-08T02:12:39.000Z,35.131362,-106.612519,1549,4.5509996,221,24.16,17,gps,0.6,0.7,0.9,-19,,,,41,
2018-06-08T02:12:41.000Z,35.13105,-106.612924,1548,4.5509996,227.6,25.59,17,gps,0.6,0.7,0.9,-19,,,,41,
2018-06-08T02:12:43.000Z,35.130756,-106.613386,1548,4.5509996,232.7,27.07,17,gps,,,,-19,,,,41,
2018-06-08T02:12:45.000Z,35.130451,-106.613859,1548,4.5509996,231.4,27.61,17,gps,0.6,0.7,0.9,-19,,,,41,
2018-06-08T02:12:47.000Z,35.130129,-106.614342,1548,4.5509996,231.1,28.38,15,gps,0.7,0.7,1,-19,,,,41,
2018-06-08T02:12:49.000Z,35.129806,-106.614831,1548,4.5509996,230.8,28.71,17,gps,0.6,0.7,0.9,-19,,,,41,
2018-06-08T02:12:51.000Z,35.12949,-106.615331,1548,4.5509996,232.2,28.83,17,gps,0.6,0.7,0.9,-19,,,,41,
2018-06-08T02:12:53.000Z,35.129175,-106.615847,1547,4.5509996,233.1,29.29,16,gps,0.6,0.7,1,-19,,,,41,
2018-06-08T02:12:55.000Z,35.128864,-106.616363,1546,4.5509996,234,29.22,16,gps,0.6,0.8,1,-19,,,,41,
2018-06-08T02:12:57.000Z,35.128554,-106.616881,1546,4.5509996,233.2,28.99,17,gps,0.6,0.7,0.9,-19,,,,41,
2018-06-08T02:12:59.000Z,35.128228,-106.617391,1545,4.5509996,232.3,29.15,17,gps,0.6,,,-19,,,,40,
2018-06-08T02:13:01.000Z,35.127895,-106.61789,1543,4.5509996,230.3,29.28,17,gps,0.6,0.7,0.9,-19,,,,40,
2018-06-08T02:13:03.000Z,35.127544,-106.618367,1542,4.5509996,228.1,29.24,17,gps,0.6,0.7,0.9,-19,,,,40,
2018-06-08T02:13:05.000Z,35.127184,-106.618835,1540,4.5509996,226.8,29.11,16,gps,0.6,0.7,0.9,-19,,,,40,
2018-06-08T02:13:07.000Z,35.126811,-106.619283,1539,4.5509996,224.3,29.12,17,gps,0.6,0.7,0.9,-19,,,,40,
2018-06-08T02:13:09.000Z,35.126412,-106.619727,1539,4.5509996,222.5,30.4,17,gps,0.7,,,-19,,,,40,
2018-06-08T02:13:11.000Z,35.125984,-106.620174,1538,4.5509996,220.7,31.39,16,gps,0.7,0.7,1,-19,,,,40,
2018-06-08T02:13:13.000Z,35.125545,-106.620604,1538,4.5509996,218.3,31.33,17,gps,0.6,0.7,0.9,-19,,,,40,
2018-06-08T02:13:15.000Z,35.125093,-106.621018,1539,4.5509996,216.6,31.27,17,gps,0.6,0.7,0.9,-19,,,,40,
2018-06-08T02:13:17.000Z,35.124634,-106.621401,1542,4.5509996,214.3,31.04,16,gps,0.6,0.7,1,-19,,,,40,
2018-06-08T02:13:19.000Z,35.124159,-106.621767,1544,4.5509996,212,31.27,16,gps,0.6,0.7,0.9,-19,,,,40,
2018-06-08T02:13:21.000Z,35.123672,-106.622129,1545,4.5509996,211.2,31.78,17,gps,0.7,0.7,1,-19,,,,40,
2018-06-08T02:13:23.000Z,35.123172,-106.622483,1546,4.5509996,209.7,32.05,16,gps,0.7,0.7,1,-19,,,,40,
2018-06-08T02:13:25.000Z,35.122665,-106.622814,1547,4.5509996,207.2,31.97,17,gps,0.6,0.7,0.9,-19,,,,40,
2018-06-08T02:13:27.000Z,35.122137,-106.623108,1547,4.5509996,204,32.01,17,gps,0.6,0.7,0.9,-19,,,,40,
2018-06-08T02:13:29.000Z,35.121606,-106.623369,1547,4.5509996,201.5,32.02,17,gps,0.6,0.7,0.9,-19,,,,40,
2018-06-08T02:13:31.000Z,35.121067,-106.623611,1546,4.5509996,200.3,32.2,15,gps,0.7,0.7,1,-19,,,,40,
2018-06-08T02:13:33.000Z,35.120519,-106.623831,1547,4.5509996,198.2,32.26,16,gps,0.6,0.7,1,-19,,,,40,
2018-06-08T02:13:34.000Z,35.120242,-106.623935,1547,4.5509996,197.4,32.16,16,gps,0.6,0.7,0.9,-19,,,,40,
2018-06-08T02:13:36.000Z,35.119684,-106.624149,1547,4.5509996,197.5,32.6,17,gps,0.6,0.7,0.9,-19,,,,40,
2018-06-08T02:13:38.000Z,35.119122,-106.624362,1546,4.5509996,197,32.84,16,gps,0.6,0.7,0.9,-19,,,,40,
2018-06-08T02:13:40.000Z,35.118563,-106.624564,1545,4.5509996,196.5,32,17,gps,0.6,0.7,0.9,-19,,,,40,
2018-06-08T02:13:42.000Z,35.118009,-106.62476,1546,4.5509996,196.6,31.82,17,gps,,,,-19,,,,40,
2018-06-08T02:13:44.000Z,35.117458,-106.624953,1547,4.5509996,196.6,31.91,17,gps,0.6,0.7,0.9,-19,,,,40,
2018-06-08T02:13:46.000Z,35.116911,-106.625152,1548,4.5509996,196.9,31.75,17,gps,0.6,0.7,0.9,-19,,,,40,
2018-06-08T02:13:47.000Z,35.116639,-106.625254,1549,4.5509996,196.9,31.53,17,gps,,,,-19,,,,40,
2018-06-08T02:13:49.000Z,35.116087,-106.625452,1550,4.5509996,196.3,31.84,17,gps,0.7,0.7,1,-19,,,,40,
2018-06-08T02:13:51.000Z,35.115535,-106.625653,1550,4.5509996,196.7,31.96,16,gps,0.7,0.7,1,-19,,,,40,
2018-06-08T02:13:53.000Z,35.114987,-106.625857,1549,4.5509996,197,32.17,15,gps,0.6,0.7,0.9,-19,,,,40,
2018-06-08T02:13:55.000Z,35.11443,-106.626061,1549,4.5509996,196.8,32.19,17,gps,,,,-19,,,,40,
2018-06-08T02:13:57.000Z,35.11387,-106.62626,1548,4.5509996,196.3,32.36,17,gps,0.6,0.7,0.9,-19,,,,40,
2018-06-08T02:13:59.000Z,35.113311,-106.626463,1547,4.5509996,196.6,32.26,16,gps,0.6,0.7,1,-19,,,,40,
2018-06-08T02:14:01.000Z,35.112753,-106.626668,1545,4.5509996,196.7,32.43,16,gps,0.6,0.7,0.9,-19,,,,40,
2018-06-08T02:14:03.000Z,35.112199,-106.626872,1543,4.5509996,197,32.3,16,gps,0.6,0.7,0.9,-19,,,,40,
2018-06-08T02:14:05.000Z,35.111646,-106.627081,1544,4.5509996,196.8,32.06,17,gps,0.6,0.7,0.9,-19,,,,40,
2018-06-08T02:14:07.000Z,35.111103,-106.62728,1541,4.5509996,197.2,31.31,17,gps,,,,-19,,,,40,
2018-06-08T02:14:09.000Z,35.110571,-106.627481,1540,4.5509996,197.6,30.74,16,gps,0.6,0.7,1,-19,,,,40,
2018-06-08T02:14:11.000Z,35.110053,-106.627685,1540,4.5509996,198.5,30.29,16,gps,,,,-19,,,,40,
2018-06-08T02:14:13.000Z,35.10954,-106.627918,1541,4.5509996,200.8,30.56,17,gps,0.7,0.7,1,-19,,,,40,
2018-06-08T02:14:14.000Z,35.109283,-106.62805,1541,4.5509996,201.8,30.98,15,gps,,,,-19,,,,40,
2018-06-08T02:14:16.000Z,35.108751,-106.628315,1542,4.5509996,202,31.82,17,gps,0.6,0.7,0.9,-19,,,,40,
2018-06-08T02:14:18.000Z,35.10822,-106.62859,1543,4.5509996,203.6,32.04,15,gps,0.6,,,-19,,,,40,
2018-06-08T02:14:20.000Z,35.107722,-106.628912,1545,4.5509996,210,31.2,17,gps,0.6,0.7,0.9,-19,,,,40,
2018-06-08T02:14:22.000Z,35.107264,-106.629313,1546,4.5509996,216.8,31.36,16,gps,0.7,0.7,1,-19,,,,40,
2018-06-08T02:14:23.000Z,35.107051,-106.629531,1545,4.5509996,219.9,31.21,16,gps,0.6,0.7,0.9,-19,,,,40,
2018-06-08T02:14:25.000Z,35.106645,-106.629972,1545,4.5509996,221.4,29.59,17,gps,0.6,0.7,0.9,-19,,,,40,
2018-06-08T02:14:27.000Z,35.106253,-106.630372,1546,4.5509996,219,27.71,16,gps,0.6,0.7,0.9,-19,,,,40,
2018-06-08T02:14:28.000Z,35.106054,-106.630534,1547,4.5509996,214,26.68,17,gps,,,,-19,,,,40,
2018-06-08T02:14:30.000Z,35.105619,-106.630757,1550,4.5509996,199.5,26.36,16,gps,0.6,0.7,1,-19,,,,40,
2018-06-08T02:14:32.000Z,35.105151,-106.630812,1553,4.5509996,182,26.31,17,gps,0.6,0.7,0.9,-19,,,,40,
2018-06-08T02:14:34.000Z,35.104679,-106.630703,1555,4.5509996,165.7,26.55,17,gps,0.6,0.7,0.9,-19,,,,40,
2018-06-08T02:14:36.000Z,35.104261,-106.630426,1556,4.5509996,148.2,26.66,17,gps,0.6,0.7,0.9,-19,,,,40,
2018-06-08T02:14:38.000Z,35.103921,-106.630007,1557,4.5509996,131.5,26.78,17,gps,0.6,0.7,0.9,-19,,,,40,
2018-06-08T02:14:40.000Z,35.103703,-106.629483,1556,4.5509996,113.8,26.73,17,gps,0.7,0.7,1,-19,,,,40,
2018-06-08T02:14:42.000Z,35.103619,-106.628913,1556,4.5509996,97.3,26.18,17,gps,0.6,0.7,0.9,-19,,,,40,
2018-06-08T02:14:44.000Z,35.10367,-106.628346,1555,4.5509996,80.6,25.98,17,gps,0.6,0.7,0.9,-19,,,,40,
2018-06-08T02:14:46.000Z,35.103856,-106.627833,1553,4.5509996,63.5,25.52,17,gps,0.6,0.7,0.9,-19,,,,40,
2018-06-08T02:14:48.000Z,35.104141,-106.627398,1552,4.5509996,49,25.03,17,gps,0.6,0.7,0.9,-19,,,,40,
2018-06-08T02:14:50.000Z,35.104456,-106.627011,1550,4.5509996,45.7,24.5,16,gps,0.6,0.7,0.9,-19,,,,40,
2018-06-08T02:14:52.000Z,35.104752,-106.626608,1549,4.5509996,49.3,24.1,17,gps,0.6,0.7,0.9,-19,,,,40,
2018-06-08T02:14:54.000Z,35.105016,-106.626183,1548,4.5509996,54.1,24.26,17,gps,,,,-19,,,,40,
2018-06-08T02:14:56.000Z,35.105254,-106.625712,1547,4.5509996,59.7,25.29,17,gps,0.6,0.7,0.9,-19,,,,40,
2018-06-08T02:14:58.000Z,35.105456,-106.625213,1546,4.5509996,64.9,25.41,17,gps,0.6,0.7,0.9,-19,,,,39,
2018-06-08T02:15:00.000Z,35.105623,-106.624688,1545,4.5509996,69.6,26.05,17,gps,,,,-19,,,,39,
2018-06-08T02:15:02.000Z,35.105781,-106.624145,1545,4.5509996,70.7,26.24,17,gps,,,,-19,,,,39,
2018-06-08T02:15:04.000Z,35.105943,-106.623592,1546,4.5509996,70.3,27.07,17,gps,0.6,0.7,0.9,-19,,,,39,
2018-06-08T02:15:06.000Z,35.106107,-106.623019,1547,4.5509996,70.9,27.7,17,gps,,,,-19,,,,39,
2018-06-08T02:15:08.000Z,35.106279,-106.622433,1548,4.5509996,71,28.22,17,gps,0.6,0.7,0.9,-19,,,,39,
2018-06-08T02:15:10.000Z,35.106445,-106.62184,1550,4.5509996,71.5,28.69,17,gps,0.6,0.7,0.9,-19,,,,39,
2018-06-08T02:15:12.000Z,35.106605,-106.621232,1551,4.5509996,72.4,29.32,17,gps,0.6,0.7,0.9,-19,,,,39,
2018-06-08T02:15:14.000Z,35.106764,-106.62061,1552,4.5509996,72.7,29.95,17,gps,0.6,0.7,0.9,-19,,,,39,
2018-06-08T02:15:16.000Z,35.106927,-106.619969,1552,4.5509996,73.1,30.23,17,gps,0.6,0.7,0.9,-19,,,,39,
2018-06-08T02:15:18.000Z,35.107071,-106.61933,1552,4.5509996,75.3,30.16,17,gps,0.6,0.7,0.9,-19,,,,39,
2018-06-08T02:15:20.000Z,35.107192,-106.618687,1552,4.5509996,78.1,29.75,16,gps,0.7,0.7,1,-19,,,,39,
2018-06-08T02:15:22.000Z,35.107287,-106.618043,1553,4.5509996,80.9,30.01,16,gps,0.7,0.7,1,-19,,,,39,
2018-06-08T02:15:24.000Z,35.107348,-106.617381,1554,4.5509996,84.1,30.29,15,gps,0.7,0.7,1,-19,,,,39,
2018-06-08T02:15:26.000Z,35.107373,-106.616727,1554,4.5509996,87.9,29.79,16,gps,0.7,0.7,1,-19,,,,39,
2018-06-08T02:15:28.000Z,35.107368,-106.616073,1556,4.5509996,91.9,29.69,15,gps,0.7,0.7,1,-19,,,,39,
2018-06-08T02:15:30.000Z,35.107331,-106.615425,1558,4.5509996,94.8,29.3,15,gps,0.8,0.7,1,-19,,,,39,
2018-06-08T02:15:32.000Z,35.107264,-106.61478,1560,4.5509996,98.2,29.66,14,gps,0.7,0.7,1,-19,,,,39,
2018-06-08T02:15:34.000Z,35.107149,-106.614139,1561,4.5509996,103.2,30.2,15,gps,0.7,0.7,1,-19,,,,39,
2018-06-08T02:15:36.000Z,35.107012,-106.613493,1562,4.5509996,105,30.29,14,gps,0.8,,,-19,,,,39,
2018-06-08T02:15:38.000Z,35.106868,-106.612853,1562,4.5509996,105.4,30.25,15,gps,,,,-19,,,,39,
2018-06-08T02:15:40.000Z,35.106725,-106.61222,1562,4.5509996,105.8,29.94,16,gps,0.7,0.7,1,-19,,,,39,
2018-06-08T02:15:42.000Z,35.10658,-106.611591,1562,4.5509996,105.8,29.76,16,gps,0.7,0.7,1,-19,,,,39,
2018-06-08T02:15:44.000Z,35.106443,-106.610959,1562,4.5509996,104.7,29.96,16,gps,0.7,0.7,1,-19,,,,39,
2018-06-08T02:15:46.000Z,35.106305,-106.610318,1561,4.5509996,104.4,30.16,15,gps,0.7,0.7,1,-19,,,,39,
2018-06-08T02:15:48.000Z,35.106171,-106.60968,1560,4.5509996,104.7,29.65,15,gps,0.7,,,-19,,,,39,
2018-06-08T02:15:50.000Z,35.106031,-106.60906,1559,4.5509996,105.6,29.21,16,gps,0.7,0.7,1,-19,,,,39,
2018-06-08T02:15:52.000Z,35.105886,-106.608454,1560,4.5509996,106.9,28.64,15,gps,0.7,0.7,1,-19,,,,39,
2018-06-08T02:15:54.000Z,35.105725,-106.607871,1560,4.5509996,108,27.97,16,gps,0.7,0.7,1,-19,,,,39,
2018-06-08T02:15:56.000Z,35.105548,-106.607312,1560,4.5509996,110.9,27.27,16,gps,0.7,0.7,1,-19,,,,39,
2018-06-08T02:15:58.000Z,35.105356,-106.606773,1560,4.5509996,113,26.53,16,gps,,,,-19,,,,39,
2018-06-08T02:16:00.000Z,35.105172,-106.606271,1561,4.5509996,113.8,24.57,16,gps,0.7,,,-19,,,,39,
2018-06-08T02:16:02.000Z,35.105002,-106.6058,1562,4.5509996,112.9,22.97,16,gps,,,,-19,,,,39,
2018-06-08T02:16:03.000Z,35.10492,-106.605581,1564,4.5509996,113.1,21.87,15,gps,0.7,0.7,1,-19,,,,39,
2018-06-08T02:16:05.000Z,35.104791,-106.605191,1565,4.5509996,111.1,18.16,16,gps,0.7,0.7,1,-19,,,,39,
2018-06-08T02:16:06.000Z,35.10474,-106.60503,1566,4.5509996,110.9,15.73,16,gps,,,,-19,,,,39,
2018-06-08T02:16:08.000Z,35.104671,-106.604798,1566,4.5509996,108.7,10.41,16,gps,0.7,0.7,1,-19,,,,39,
2018-06-08T02:16:09.000Z,35.104648,-106.604703,1565,4.5509996,107,9.12,16,gps,0.7,0.7,1,-19,,,,39,
2018-06-08T02:16:11.000Z,35.104624,-106.604584,1566,4.5509996,104.6,5.03,16,gps,0.7,0.7,1,-19,,,,39,
2018-06-08T02:16:13.000Z,35.104616,-106.604539,1567,4.5509996,104.1,1.69,16,gps,0.7,0.7,1,-19,,,,39,
2018-06-08T02:16:15.000Z,35.104615,-106.604535,1568,4.5509996,,0,16,gps,0.7,0.7,1,-19,,,,39,
2018-06-08T02:16:17.000Z,35.104615,-106.604534,1568,4.5509996,,0,16,gps,0.7,0.7,1,-19,,,,39,
2018-06-08T02:16:19.000Z,35.104616,-106.604536,1568,4.5509996,,0,16,gps,0.7,0.7,1,-19,,,,39,
2018-06-08T02:16:21.000Z,35.104616,-106.604537,1568,4.5509996,,0,15,gps,0.7,0.7,1,-19,,,,39,
2018-06-08T02:16:23.000Z,35.104619,-106.604537,1568,4.5509996,,0,16,gps,0.7,0.7,1,-19,,,,39,
2018-06-08T02:16:25.000Z,35.10462,-106.604534,1568,4.5509996,,0,16,gps,,,,-19,,,,39,
2018-06-08T02:16:27.000Z,35.104622,-106.604532,1568,4.5509996,,0,16,gps,0.7,0.7,1,-19,,,,39,
2018-06-08T02:16:29.000Z,35.104622,-106.604532,1568,4.5509996,,0,16,gps,,,,-19,,,,39,
2018-06-08T02:16:31.000Z,35.104622,-106.604532,1568,4.5509996,,0,16,gps,0.7,0.7,1,-19,,,,39,
2018-06-08T02:16:33.000Z,35.104622,-106.604532,1568,4.5509996,,0,16,gps,0.7,0.7,1,-19,,,,39,
2018-06-08T02:16:35.000Z,35.104622,-106.604532,1568,4.5509996,,0,16,gps,0.7,0.7,1,-19,,,,39,
2018-06-08T02:16:37.000Z,35.104622,-106.604532,1568,4.5509996,,0,16,gps,0.7,0.7,1,-19,,,,39,
2018-06-08T02:16:39.000Z,35.104622,-106.604532,1568,4.5509996,,0,16,gps,0.7,0.7,1,-19,,,,39,
2018-06-08T02:16:41.000Z,35.104622,-106.604532,1568,4.5509996,,0,16,gps,,,,-19,,,,39,
2018-06-08T02:16:43.000Z,35.104622,-106.604532,1568,4.5509996,,0,16,gps,0.7,0.7,1,-19,,,,39,
2018-06-08T02:16:45.000Z,35.104622,-106.604532,1568,4.5509996,,0,16,gps,0.7,0.7,1,-19,,,,39,
2018-06-08T02:16:47.000Z,35.104622,-106.604532,1568,4.5509996,,0,16,gps,0.7,0.7,1,-19,,,,39,
2018-06-08T02:16:49.000Z,35.104622,-106.604532,1568,4.5509996,,0,16,gps,0.7,0.7,1,-19,,,,39,
2018-06-08T02:16:51.000Z,35.104622,-106.604532,1568,4.5509996,,0,16,gps,0.7,0.7,1,-19,,,,39,
2018-06-08T02:16:53.000Z,35.104622,-106.604532,1568,4.5509996,,0,16,gps,0.7,0.7,1,-19,,,,39,
2018-06-08T02:16:55.000Z,35.104622,-106.604532,1568,4.5509996,,0,16,gps,0.7,0.7,1,-19,,,,39,
2018-06-08T02:16:57.000Z,35.104622,-106.604532,1568,4.5509996,,0,16,gps,0.7,0.7,1,-19,,,,39,
2018-06-08T02:16:59.000Z,35.104622,-106.604532,1568,4.5509996,,0,16,gps,0.7,0.7,1,-19,,,,38,
2018-06-08T02:17:01.000Z,35.104622,-106.604532,1568,4.5509996,,0,16,gps,0.7,0.7,1,-19,,,,38,
2018-06-08T02:17:03.000Z,35.104622,-106.604532,1568,4.5509996,,0,16,gps,0.7,0.7,1,-19,,,,38,
2018-06-08T02:17:05.000Z,35.104622,-106.604532,1568,4.5509996,,0,16,gps,0.7,0.7,1,-19,,,,38,
2018-06-08T02:17:07.000Z,35.104622,-106.604532,1568,4.5509996,,0,16,gps,0.7,0.7,1,-19,,,,38,
2018-06-08T02:17:09.000Z,35.104622,-106.604532,1568,4.5509996,,0,16,gps,0.7,0.7,1,-19,,,,38,
2018-06-08T02:17:11.000Z,35.104622,-106.604532,1568,4.5509996,,0,16,gps,0.7,0.7,1,-19,,,,38,
2018-06-08T02:17:13.000Z,35.104622,-106.604532,1568,4.5509996,,0,16,gps,0.7,0.7,1,-19,,,,38,
2018-06-08T02:17:14.000Z,35.104622,-106.604532,1568,4.5509996,,0,16,gps,0.7,0.7,1,-19,,,,38,
2018-06-08T02:17:16.000Z,35.104622,-106.604532,1568,4.5509996,,0,16,gps,0.7,0.7,1,-19,,,,38,
2018-06-08T02:17:18.000Z,35.104622,-106.604532,1568,4.5509996,,0,16,gps,0.7,0.7,1,-19,,,,38,
2018-06-08T02:17:20.000Z,35.104622,-106.604532,1568,4.5509996,,0,16,gps,,,,-19,,,,38,
2018-06-08T02:17:22.000Z,35.104622,-106.604532,1568,4.5509996,,0,15,gps,0.7,0.7,1,-19,,,,38,
2018-06-08T02:17:24.000Z,35.104622,-106.604532,1568,4.5509996,,0,16,gps,0.7,0.7,1,-19,,,,38,
2018-06-08T02:17:26.000Z,35.104622,-106.604532,1568,4.5509996,,0,16,gps,0.7,0.7,1,-19,,,,38,
2018-06-08T02:17:28.000Z,35.104623,-106.604536,1567,4.5509996,,0,16,gps,0.7,0.7,1,-19,,,,38,
2018-06-08T02:17:30.000Z,35.10462,-106.604539,1567,4.5509996,,0,16,gps,0.7,0.7,1,-19,,,,38,
2018-06-08T02:17:32.000Z,35.10462,-106.604543,1567,4.5509996,,0,16,gps,0.7,0.7,1,-19,,,,38,
2018-06-08T02:17:34.000Z,35.104621,-106.604547,1567,4.5509996,,0,16,gps,0.7,0.7,1,-19,,,,38,
2018-06-08T02:17:36.000Z,35.104611,-106.604506,1567,4.5509996,104.1,3.22,16,gps,0.7,0.7,1,-19,,,,38,
2018-06-08T02:17:38.000Z,35.104587,-106.604382,1567,4.5509996,103.2,5.91,16,gps,0.7,0.7,1,-19,,,,38,
2018-06-08T02:17:40.000Z,35.104581,-106.604247,1567,4.5509996,86.9,5.91,16,gps,0.7,0.7,1,-19,,,,38,
2018-06-08T02:17:42.000Z,35.104656,-106.604135,1568,4.5509996,39.2,7.19,16,gps,0.7,,,-19,,,,38,
2018-06-08T02:17:44.000Z,35.104798,-106.604099,1568,4.5509996,7.6,8.39,16,gps,,,,-19,,,,38,
2018-06-08T02:17:46.000Z,35.104962,-106.604093,1568,4.5509996,0.7,9.18,16,gps,0.7,0.7,1,-19,,,,38,
2018-06-08T02:17:48.000Z,35.105124,-106.604096,1568,4.5509996,0.3,8.92,16,gps,0.7,0.7,1,-19,,,,38,
2018-06-08T02:17:50.000Z,35.105279,-106.6041,1567,4.5509996,0.7,8.72,16,gps,0.7,0.7,1,-19,,,,38,
2018-06-08T02:17:52.000Z,35.105421,-106.604099,1566,4.5509996,1.8,7.45,16,gps,0.7,0.7,1,-19,,,,38,
2018-06-08T02:17:54.000Z,35.10548,-106.6041,1566,4.5509996,359.4,3,16,gps,0.7,0.7,1,-19,,,,38,
2018-06-08T02:17:55.000Z,35.10549,-106.604097,1566,4.5509996,359.4,1.3,16,gps,0.7,0.7,1,-19,,,,38,
2018-06-08T02:17:57.000Z,35.105555,-106.604098,1566,4.5509996,359.6,4.78,16,gps,0.7,0.7,1,-19,,,,38,
2018-06-08T02:17:59.000Z,35.105683,-106.604106,1564,4.5509996,358.7,7.63,15,gps,,,,-19,,,,38,
2018-06-08T02:18:01.000Z,35.105869,-106.604101,1564,4.5509996,2,11.21,16,gps,0.7,0.7,1,-19,,,,38,
2018-06-08T02:18:03.000Z,35.106101,-106.604096,1563,4.5509996,0.7,12.92,16,gps,,,,-19,,,,38,
2018-06-08T02:18:04.000Z,35.106222,-106.604095,1562,4.5509996,0,13.15,15,gps,0.7,0.7,1,-19,,,,38,
2018-06-08T02:18:06.000Z,35.106471,-106.604104,1561,4.5509996,357.5,14.56,16,gps,0.7,0.8,1,-19,,,,38,
2018-06-08T02:18:08.000Z,35.10675,-106.604118,1560,4.5509996,357.1,15.53,15,gps,0.7,0.8,1,-19,,,,38,
2018-06-08T02:18:10.000Z,35.107003,-106.604154,1561,4.5509996,352.6,13.46,16,gps,,,,-19,,,,38,
2018-06-08T02:18:12.000Z,35.107199,-106.60417,1561,4.5509996,357.8,10.48,15,gps,0.7,0.8,1,-19,,,,38,
2018-06-08T02:18:14.000Z,35.107319,-106.60418,1561,4.5509996,349.4,5.38,15,gps,0.7,0.7,1,-19,,,,38,
2018-06-08T02:18:16.000Z,35.107323,-106.60425,1561,4.5509996,257.5,3.63,15,gps,,,,-19,,,,38,
2018-06-08T02:18:18.000Z,35.107207,-106.604251,1561,4.5509996,176.9,7.13,15,gps,0.7,0.8,1,-19,,,,38,
2018-06-08T02:18:20.000Z,35.10703,-106.60424,1561,4.5509996,178.9,10.3,15,gps,0.7,0.8,1,-19,,,,38,
2018-06-08T02:18:22.000Z,35.106795,-106.604244,1560,4.5509996,181.9,13.52,15,gps,0.7,0.7,1,-19,,,,38,
2018-06-08T02:18:24.000Z,35.106513,-106.604265,1561,4.5509996,183.8,15.46,16,gps,0.7,0.7,1,-19,,,,38,
2018-06-08T02:18:26.000Z,35.10621,-106.60427,1563,4.5509996,181.2,16.69,16,gps,0.7,0.7,1,-19,,,,38,
2018-06-08T02:18:28.000Z,35.105894,-106.604274,1563,4.5509996,180.4,17.82,16,gps,0.7,0.7,1,-19,,,,38,
2018-06-08T02:18:30.000Z,35.105557,-106.604276,1565,4.5509996,179.9,19.22,16,gps,0.7,0.7,1,-19,,,,38,
2018-06-08T02:18:31.000Z,35.105385,-106.604277,1565,4.5509996,179.9,19.22,16,gps,0.7,0.7,1,-19,,,,38,
2018-06-08T02:18:33.000Z,35.105039,-106.60428,1566,4.5509996,180.1,19.32,16,gps,0.7,0.7,1,-19,,,,38,
2018-06-08T02:18:34.000Z,35.10486,-106.60428,1566,4.5509996,180.5,19.77,16,gps,0.7,0.7,1,-19,,,,38,
2018-06-08T02:18:36.000Z,35.104509,-106.60428,1567,4.5509996,179.9,19.53,16,gps,0.7,0.7,1,-19,,,,38,
2018-06-08T02:18:38.000Z,35.104184,-106.60426,1567,4.5509996,175.1,17.02,16,gps,0.7,0.7,1,-19,,,,38,
2018-06-08T02:18:40.000Z,35.103948,-106.604228,1566,4.5509996,175.3,12.81,15,gps,0.7,0.7,1,-19,,,,38,
2018-06-08T02:18:42.000Z,35.103767,-106.604215,1567,4.5509996,177.5,9.21,15,gps,0.7,0.7,1,-19,,,,38,
2018-06-08T02:18:44.000Z,35.103652,-106.604212,1567,4.5509996,178.1,6.35,16,gps,0.7,0.7,1,-19,,,,38,
2018-06-08T02:18:46.000Z,35.103557,-106.604202,1567,4.5509996,171.7,4.81,16,gps,0.7,0.7,1,-19,,,,38,
2018-06-08T02:18:48.000Z,35.10352,-106.604184,1568,4.5509996,157,2.13,15,gps,0.7,0.7,1,-19,,,,38,
2018-06-08T02:18:50.000Z,35.103447,-106.604115,1567,4.5509996,137.3,6.14,16,gps,0.7,0.7,1,-19,,,,38,
2018-06-08T02:18:52.000Z,35.103398,-106.603994,1567,4.5509996,114.2,6.84,16,gps,0.7,0.7,1,-19,,,,38,
2018-06-08T02:18:54.000Z,35.103387,-106.603852,1568,4.5509996,93,6.37,16,gps,0.7,0.7,1,-19,,,,38,
2018-06-08T02:18:56.000Z,35.103386,-106.603677,1568,4.5509996,89.9,8.58,16,gps,0.7,0.7,1,-19,,,,38,
2018-06-08T02:18:58.000Z,35.103394,-106.603484,1568,4.5509996,87.8,8.58,15,gps,,,,-19,,,,38,
2018-06-08T02:19:00.000Z,35.103397,-106.603324,1569,4.5509996,90.8,6.77,15,gps,0.7,0.7,1,-19,,,,38,
2018-06-08T02:19:02.000Z,35.103327,-106.603251,1569,4.5509996,149.2,4.8,16,gps,0.7,0.7,1,-19,,,,38,
2018-06-08T02:19:04.000Z,35.103277,-106.603215,1569,4.5509996,149.6,2.62,16,gps,0.7,0.7,1,-19,,,,38,
2018-06-08T02:19:06.000Z,35.103271,-106.603212,1569,4.5509996,,0,16,gps,0.7,0.8,1,-19,,,,38,
2018-06-08T02:19:08.000Z,35.103273,-106.603207,1569,4.5509996,,0,15,gps,0.7,0.8,1,-19,,,,38,
2018-06-08T02:19:10.000Z,35.103272,-106.603207,1569,4.5509996,,0,14,gps,0.7,0.8,1.1,-19,,,,38,
2018-06-08T02:19:12.000Z,35.10327,-106.603206,1569,4.5509996,,0,16,gps,0.7,0.7,1,-19,,,,38,
